Year,iso_code3,frac_agrc_bevs_and_spices_cl1_temperate
2010,ABW,1.0
2011,ABW,1.0
2012,ABW,1.0
2013,ABW,1.0
2014,ABW,1.0
2015,ABW,1.0
2016,ABW,1.0
2017,ABW,1.0
2018,ABW,1.0
2019,ABW,1.0
2020,ABW,1.0
2010,AFG,1.0
2011,AFG,1.0
2012,AFG,1.0
2013,AFG,1.0
2014,AFG,1.0
2015,AFG,1.0
2016,AFG,1.0
2017,AFG,1.0
2018,AFG,1.0
2019,AFG,1.0
2020,AFG,1.0
2010,AGO,0.6158250551413759
2011,AGO,0.6158250551413759
2012,AGO,0.6158250551413759
2013,AGO,0.6158250551413759
2014,AGO,0.6158250551413759
2015,AGO,0.6158250551413759
2016,AGO,0.6158250551413759
2017,AGO,0.6158250551413759
2018,AGO,0.6158250551413759
2019,AGO,0.6158250551413759
2020,AGO,0.6158250551413759
2010,ALB,1.0
2011,ALB,1.0
2012,ALB,1.0
2013,ALB,1.0
2014,ALB,1.0
2015,ALB,1.0
2016,ALB,1.0
2017,ALB,1.0
2018,ALB,1.0
2019,ALB,1.0
2020,ALB,1.0
2010,AND,1.0
2011,AND,1.0
2012,AND,1.0
2013,AND,1.0
2014,AND,1.0
2015,AND,1.0
2016,AND,1.0
2017,AND,1.0
2018,AND,1.0
2019,AND,1.0
2020,AND,1.0
2010,ARE,1.0
2011,ARE,1.0
2012,ARE,1.0
2013,ARE,1.0
2014,ARE,1.0
2015,ARE,1.0
2016,ARE,1.0
2017,ARE,1.0
2018,ARE,1.0
2019,ARE,1.0
2020,ARE,1.0
2010,ARG,1.0
2011,ARG,1.0
2012,ARG,1.0
2013,ARG,1.0
2014,ARG,1.0
2015,ARG,1.0
2016,ARG,1.0
2017,ARG,1.0
2018,ARG,1.0
2019,ARG,1.0
2020,ARG,1.0
2010,ARM,1.0
2011,ARM,1.0
2012,ARM,1.0
2013,ARM,1.0
2014,ARM,1.0
2015,ARM,1.0
2016,ARM,1.0
2017,ARM,1.0
2018,ARM,1.0
2019,ARM,1.0
2020,ARM,1.0
2010,ASM,0.0
2011,ASM,0.0
2012,ASM,0.0
2013,ASM,0.0
2014,ASM,0.0
2015,ASM,0.0
2016,ASM,0.0
2017,ASM,0.0
2018,ASM,0.0
2019,ASM,0.0
2020,ASM,0.0
2010,ATG,0.0
2011,ATG,0.0
2012,ATG,0.0
2013,ATG,0.0
2014,ATG,0.0
2015,ATG,0.0
2016,ATG,0.0
2017,ATG,0.0
2018,ATG,0.0
2019,ATG,0.0
2020,ATG,0.0
2010,AUS,0.9167916832318193
2011,AUS,0.9167916832318193
2012,AUS,0.9167916832318193
2013,AUS,0.9167916832318193
2014,AUS,0.9167916832318193
2015,AUS,0.9167916832318193
2016,AUS,0.9167916832318193
2017,AUS,0.9167916832318193
2018,AUS,0.9167916832318193
2019,AUS,0.9167916832318193
2020,AUS,0.9167916832318193
2010,AUT,1.0
2011,AUT,1.0
2012,AUT,1.0
2013,AUT,1.0
2014,AUT,1.0
2015,AUT,1.0
2016,AUT,1.0
2017,AUT,1.0
2018,AUT,1.0
2019,AUT,1.0
2020,AUT,1.0
2010,AZE,1.0
2011,AZE,1.0
2012,AZE,1.0
2013,AZE,1.0
2014,AZE,1.0
2015,AZE,1.0
2016,AZE,1.0
2017,AZE,1.0
2018,AZE,1.0
2019,AZE,1.0
2020,AZE,1.0
2010,BDI,0.2717634808948348
2011,BDI,0.2717634808948348
2012,BDI,0.2717634808948348
2013,BDI,0.2717634808948348
2014,BDI,0.2717634808948348
2015,BDI,0.2717634808948348
2016,BDI,0.2717634808948348
2017,BDI,0.2717634808948348
2018,BDI,0.2717634808948348
2019,BDI,0.2717634808948348
2020,BDI,0.2717634808948348
2010,BEL,1.0
2011,BEL,1.0
2012,BEL,1.0
2013,BEL,1.0
2014,BEL,1.0
2015,BEL,1.0
2016,BEL,1.0
2017,BEL,1.0
2018,BEL,1.0
2019,BEL,1.0
2020,BEL,1.0
2010,BEN,0.0006475411625182
2011,BEN,0.0006475411625182
2012,BEN,0.0006475411625182
2013,BEN,0.0006475411625182
2014,BEN,0.0006475411625182
2015,BEN,0.0006475411625182
2016,BEN,0.0006475411625182
2017,BEN,0.0006475411625182
2018,BEN,0.0006475411625182
2019,BEN,0.0006475411625182
2020,BEN,0.0006475411625182
2010,BFA,0.2020981377113452
2011,BFA,0.2020981377113452
2012,BFA,0.2020981377113452
2013,BFA,0.2020981377113452
2014,BFA,0.2020981377113452
2015,BFA,0.2020981377113452
2016,BFA,0.2020981377113452
2017,BFA,0.2020981377113452
2018,BFA,0.2020981377113452
2019,BFA,0.2020981377113452
2020,BFA,0.2020981377113452
2010,BGD,0.3549968746236645
2011,BGD,0.3549968746236645
2012,BGD,0.3549968746236645
2013,BGD,0.3549968746236645
2014,BGD,0.3549968746236645
2015,BGD,0.3549968746236645
2016,BGD,0.3549968746236645
2017,BGD,0.3549968746236645
2018,BGD,0.3549968746236645
2019,BGD,0.3549968746236645
2020,BGD,0.3549968746236645
2010,BGR,1.0
2011,BGR,1.0
2012,BGR,1.0
2013,BGR,1.0
2014,BGR,1.0
2015,BGR,1.0
2016,BGR,1.0
2017,BGR,1.0
2018,BGR,1.0
2019,BGR,1.0
2020,BGR,1.0
2010,BHR,1.0
2011,BHR,1.0
2012,BHR,1.0
2013,BHR,1.0
2014,BHR,1.0
2015,BHR,1.0
2016,BHR,1.0
2017,BHR,1.0
2018,BHR,1.0
2019,BHR,1.0
2020,BHR,1.0
2010,BHS,0.0645903945769648
2011,BHS,0.0645903945769648
2012,BHS,0.0645903945769648
2013,BHS,0.0645903945769648
2014,BHS,0.0645903945769648
2015,BHS,0.0645903945769648
2016,BHS,0.0645903945769648
2017,BHS,0.0645903945769648
2018,BHS,0.0645903945769648
2019,BHS,0.0645903945769648
2020,BHS,0.0645903945769648
2010,BIH,1.0
2011,BIH,1.0
2012,BIH,1.0
2013,BIH,1.0
2014,BIH,1.0
2015,BIH,1.0
2016,BIH,1.0
2017,BIH,1.0
2018,BIH,1.0
2019,BIH,1.0
2020,BIH,1.0
2010,BLR,1.0
2011,BLR,1.0
2012,BLR,1.0
2013,BLR,1.0
2014,BLR,1.0
2015,BLR,1.0
2016,BLR,1.0
2017,BLR,1.0
2018,BLR,1.0
2019,BLR,1.0
2020,BLR,1.0
2010,BLZ,0.0
2011,BLZ,0.0
2012,BLZ,0.0
2013,BLZ,0.0
2014,BLZ,0.0
2015,BLZ,0.0
2016,BLZ,0.0
2017,BLZ,0.0
2018,BLZ,0.0
2019,BLZ,0.0
2020,BLZ,0.0
2010,BMU,1.0
2011,BMU,1.0
2012,BMU,1.0
2013,BMU,1.0
2014,BMU,1.0
2015,BMU,1.0
2016,BMU,1.0
2017,BMU,1.0
2018,BMU,1.0
2019,BMU,1.0
2020,BMU,1.0
2010,BOL,0.4113560107098071
2011,BOL,0.4113560107098071
2012,BOL,0.4113560107098071
2013,BOL,0.4113560107098071
2014,BOL,0.4113560107098071
2015,BOL,0.4113560107098071
2016,BOL,0.4113560107098071
2017,BOL,0.4113560107098071
2018,BOL,0.4113560107098071
2019,BOL,0.4113560107098071
2020,BOL,0.4113560107098071
2010,BRA,0.1524770564701098
2011,BRA,0.1524770564701098
2012,BRA,0.1524770564701098
2013,BRA,0.1524770564701098
2014,BRA,0.1524770564701098
2015,BRA,0.1524770564701098
2016,BRA,0.1524770564701098
2017,BRA,0.1524770564701098
2018,BRA,0.1524770564701098
2019,BRA,0.1524770564701098
2020,BRA,0.1524770564701098
2010,BRB,0.0
2011,BRB,0.0
2012,BRB,0.0
2013,BRB,0.0
2014,BRB,0.0
2015,BRB,0.0
2016,BRB,0.0
2017,BRB,0.0
2018,BRB,0.0
2019,BRB,0.0
2020,BRB,0.0
2010,BRN,0.0
2011,BRN,0.0
2012,BRN,0.0
2013,BRN,0.0
2014,BRN,0.0
2015,BRN,0.0
2016,BRN,0.0
2017,BRN,0.0
2018,BRN,0.0
2019,BRN,0.0
2020,BRN,0.0
2010,BTN,1.0
2011,BTN,1.0
2012,BTN,1.0
2013,BTN,1.0
2014,BTN,1.0
2015,BTN,1.0
2016,BTN,1.0
2017,BTN,1.0
2018,BTN,1.0
2019,BTN,1.0
2020,BTN,1.0
2010,BWA,1.0
2011,BWA,1.0
2012,BWA,1.0
2013,BWA,1.0
2014,BWA,1.0
2015,BWA,1.0
2016,BWA,1.0
2017,BWA,1.0
2018,BWA,1.0
2019,BWA,1.0
2020,BWA,1.0
2010,CAF,0.0
2011,CAF,0.0
2012,CAF,0.0
2013,CAF,0.0
2014,CAF,0.0
2015,CAF,0.0
2016,CAF,0.0
2017,CAF,0.0
2018,CAF,0.0
2019,CAF,0.0
2020,CAF,0.0
2010,CAN,1.0
2011,CAN,1.0
2012,CAN,1.0
2013,CAN,1.0
2014,CAN,1.0
2015,CAN,1.0
2016,CAN,1.0
2017,CAN,1.0
2018,CAN,1.0
2019,CAN,1.0
2020,CAN,1.0
2010,CHE,1.0
2011,CHE,1.0
2012,CHE,1.0
2013,CHE,1.0
2014,CHE,1.0
2015,CHE,1.0
2016,CHE,1.0
2017,CHE,1.0
2018,CHE,1.0
2019,CHE,1.0
2020,CHE,1.0
2010,CHL,0.9998910770303242
2011,CHL,0.9998910770303242
2012,CHL,0.9998910770303242
2013,CHL,0.9998910770303242
2014,CHL,0.9998910770303242
2015,CHL,0.9998910770303242
2016,CHL,0.9998910770303242
2017,CHL,0.9998910770303242
2018,CHL,0.9998910770303242
2019,CHL,0.9998910770303242
2020,CHL,0.9998910770303242
2010,CHN,0.9973098193564798
2011,CHN,0.9973098193564798
2012,CHN,0.9973098193564798
2013,CHN,0.9973098193564798
2014,CHN,0.9973098193564798
2015,CHN,0.9973098193564798
2016,CHN,0.9973098193564798
2017,CHN,0.9973098193564798
2018,CHN,0.9973098193564798
2019,CHN,0.9973098193564798
2020,CHN,0.9973098193564798
2010,CIV,0.0
2011,CIV,0.0
2012,CIV,0.0
2013,CIV,0.0
2014,CIV,0.0
2015,CIV,0.0
2016,CIV,0.0
2017,CIV,0.0
2018,CIV,0.0
2019,CIV,0.0
2020,CIV,0.0
2010,CMR,0.030628486344349
2011,CMR,0.030628486344349
2012,CMR,0.030628486344349
2013,CMR,0.030628486344349
2014,CMR,0.030628486344349
2015,CMR,0.030628486344349
2016,CMR,0.030628486344349
2017,CMR,0.030628486344349
2018,CMR,0.030628486344349
2019,CMR,0.030628486344349
2020,CMR,0.030628486344349
2010,COD,0.0542695307464225
2011,COD,0.0542695307464225
2012,COD,0.0542695307464225
2013,COD,0.0542695307464225
2014,COD,0.0542695307464225
2015,COD,0.0542695307464225
2016,COD,0.0542695307464225
2017,COD,0.0542695307464225
2018,COD,0.0542695307464225
2019,COD,0.0542695307464225
2020,COD,0.0542695307464225
2010,COG,0.0
2011,COG,0.0
2012,COG,0.0
2013,COG,0.0
2014,COG,0.0
2015,COG,0.0
2016,COG,0.0
2017,COG,0.0
2018,COG,0.0
2019,COG,0.0
2020,COG,0.0
2010,COL,0.1197521080208079
2011,COL,0.1197521080208079
2012,COL,0.1197521080208079
2013,COL,0.1197521080208079
2014,COL,0.1197521080208079
2015,COL,0.1197521080208079
2016,COL,0.1197521080208079
2017,COL,0.1197521080208079
2018,COL,0.1197521080208079
2019,COL,0.1197521080208079
2020,COL,0.1197521080208079
2010,COM,0.1244263131055583
2011,COM,0.1244263131055583
2012,COM,0.1244263131055583
2013,COM,0.1244263131055583
2014,COM,0.1244263131055583
2015,COM,0.1244263131055583
2016,COM,0.1244263131055583
2017,COM,0.1244263131055583
2018,COM,0.1244263131055583
2019,COM,0.1244263131055583
2020,COM,0.1244263131055583
2010,CPV,1.0
2011,CPV,1.0
2012,CPV,1.0
2013,CPV,1.0
2014,CPV,1.0
2015,CPV,1.0
2016,CPV,1.0
2017,CPV,1.0
2018,CPV,1.0
2019,CPV,1.0
2020,CPV,1.0
2010,CRI,0.1210274198876775
2011,CRI,0.1210274198876775
2012,CRI,0.1210274198876775
2013,CRI,0.1210274198876775
2014,CRI,0.1210274198876775
2015,CRI,0.1210274198876775
2016,CRI,0.1210274198876775
2017,CRI,0.1210274198876775
2018,CRI,0.1210274198876775
2019,CRI,0.1210274198876775
2020,CRI,0.1210274198876775
2010,CUB,0.0045429765582409
2011,CUB,0.0045429765582409
2012,CUB,0.0045429765582409
2013,CUB,0.0045429765582409
2014,CUB,0.0045429765582409
2015,CUB,0.0045429765582409
2016,CUB,0.0045429765582409
2017,CUB,0.0045429765582409
2018,CUB,0.0045429765582409
2019,CUB,0.0045429765582409
2020,CUB,0.0045429765582409
2010,CUW,0.929475587703436
2011,CUW,0.929475587703436
2012,CUW,0.929475587703436
2013,CUW,0.929475587703436
2014,CUW,0.929475587703436
2015,CUW,0.929475587703436
2016,CUW,0.929475587703436
2017,CUW,0.929475587703436
2018,CUW,0.929475587703436
2019,CUW,0.929475587703436
2020,CUW,0.929475587703436
2010,CYM,0.0
2011,CYM,0.0
2012,CYM,0.0
2013,CYM,0.0
2014,CYM,0.0
2015,CYM,0.0
2016,CYM,0.0
2017,CYM,0.0
2018,CYM,0.0
2019,CYM,0.0
2020,CYM,0.0
2010,CYP,1.0
2011,CYP,1.0
2012,CYP,1.0
2013,CYP,1.0
2014,CYP,1.0
2015,CYP,1.0
2016,CYP,1.0
2017,CYP,1.0
2018,CYP,1.0
2019,CYP,1.0
2020,CYP,1.0
2010,CZE,1.0
2011,CZE,1.0
2012,CZE,1.0
2013,CZE,1.0
2014,CZE,1.0
2015,CZE,1.0
2016,CZE,1.0
2017,CZE,1.0
2018,CZE,1.0
2019,CZE,1.0
2020,CZE,1.0
2010,DEU,1.0
2011,DEU,1.0
2012,DEU,1.0
2013,DEU,1.0
2014,DEU,1.0
2015,DEU,1.0
2016,DEU,1.0
2017,DEU,1.0
2018,DEU,1.0
2019,DEU,1.0
2020,DEU,1.0
2010,DJI,1.0
2011,DJI,1.0
2012,DJI,1.0
2013,DJI,1.0
2014,DJI,1.0
2015,DJI,1.0
2016,DJI,1.0
2017,DJI,1.0
2018,DJI,1.0
2019,DJI,1.0
2020,DJI,1.0
2010,DMA,0.0147058823529411
2011,DMA,0.0147058823529411
2012,DMA,0.0147058823529411
2013,DMA,0.0147058823529411
2014,DMA,0.0147058823529411
2015,DMA,0.0147058823529411
2016,DMA,0.0147058823529411
2017,DMA,0.0147058823529411
2018,DMA,0.0147058823529411
2019,DMA,0.0147058823529411
2020,DMA,0.0147058823529411
2010,DNK,1.0
2011,DNK,1.0
2012,DNK,1.0
2013,DNK,1.0
2014,DNK,1.0
2015,DNK,1.0
2016,DNK,1.0
2017,DNK,1.0
2018,DNK,1.0
2019,DNK,1.0
2020,DNK,1.0
2010,DOM,0.173604247977353
2011,DOM,0.173604247977353
2012,DOM,0.173604247977353
2013,DOM,0.173604247977353
2014,DOM,0.173604247977353
2015,DOM,0.173604247977353
2016,DOM,0.173604247977353
2017,DOM,0.173604247977353
2018,DOM,0.173604247977353
2019,DOM,0.173604247977353
2020,DOM,0.173604247977353
2010,DZA,1.0
2011,DZA,1.0
2012,DZA,1.0
2013,DZA,1.0
2014,DZA,1.0
2015,DZA,1.0
2016,DZA,1.0
2017,DZA,1.0
2018,DZA,1.0
2019,DZA,1.0
2020,DZA,1.0
2010,ECU,0.3489701634251166
2011,ECU,0.3489701634251166
2012,ECU,0.3489701634251166
2013,ECU,0.3489701634251166
2014,ECU,0.3489701634251166
2015,ECU,0.3489701634251166
2016,ECU,0.3489701634251166
2017,ECU,0.3489701634251166
2018,ECU,0.3489701634251166
2019,ECU,0.3489701634251166
2020,ECU,0.3489701634251166
2010,EGY,1.0
2011,EGY,1.0
2012,EGY,1.0
2013,EGY,1.0
2014,EGY,1.0
2015,EGY,1.0
2016,EGY,1.0
2017,EGY,1.0
2018,EGY,1.0
2019,EGY,1.0
2020,EGY,1.0
2010,ERI,0.8770677451971689
2011,ERI,0.8770677451971689
2012,ERI,0.8770677451971689
2013,ERI,0.8770677451971689
2014,ERI,0.8770677451971689
2015,ERI,0.8770677451971689
2016,ERI,0.8770677451971689
2017,ERI,0.8770677451971689
2018,ERI,0.8770677451971689
2019,ERI,0.8770677451971689
2020,ERI,0.8770677451971689
2010,ESP,1.0
2011,ESP,1.0
2012,ESP,1.0
2013,ESP,1.0
2014,ESP,1.0
2015,ESP,1.0
2016,ESP,1.0
2017,ESP,1.0
2018,ESP,1.0
2019,ESP,1.0
2020,ESP,1.0
2010,EST,1.0
2011,EST,1.0
2012,EST,1.0
2013,EST,1.0
2014,EST,1.0
2015,EST,1.0
2016,EST,1.0
2017,EST,1.0
2018,EST,1.0
2019,EST,1.0
2020,EST,1.0
2010,ETH,0.6314432854351161
2011,ETH,0.6314432854351161
2012,ETH,0.6314432854351161
2013,ETH,0.6314432854351161
2014,ETH,0.6314432854351161
2015,ETH,0.6314432854351161
2016,ETH,0.6314432854351161
2017,ETH,0.6314432854351161
2018,ETH,0.6314432854351161
2019,ETH,0.6314432854351161
2020,ETH,0.6314432854351161
2010,FIN,1.0
2011,FIN,1.0
2012,FIN,1.0
2013,FIN,1.0
2014,FIN,1.0
2015,FIN,1.0
2016,FIN,1.0
2017,FIN,1.0
2018,FIN,1.0
2019,FIN,1.0
2020,FIN,1.0
2010,FJI,0.0164007092198581
2011,FJI,0.0164007092198581
2012,FJI,0.0164007092198581
2013,FJI,0.0164007092198581
2014,FJI,0.0164007092198581
2015,FJI,0.0164007092198581
2016,FJI,0.0164007092198581
2017,FJI,0.0164007092198581
2018,FJI,0.0164007092198581
2019,FJI,0.0164007092198581
2020,FJI,0.0164007092198581
2010,FRO,1.0
2011,FRO,1.0
2012,FRO,1.0
2013,FRO,1.0
2014,FRO,1.0
2015,FRO,1.0
2016,FRO,1.0
2017,FRO,1.0
2018,FRO,1.0
2019,FRO,1.0
2020,FRO,1.0
2010,FSM,0.0
2011,FSM,0.0
2012,FSM,0.0
2013,FSM,0.0
2014,FSM,0.0
2015,FSM,0.0
2016,FSM,0.0
2017,FSM,0.0
2018,FSM,0.0
2019,FSM,0.0
2020,FSM,0.0
2010,GAB,0.0
2011,GAB,0.0
2012,GAB,0.0
2013,GAB,0.0
2014,GAB,0.0
2015,GAB,0.0
2016,GAB,0.0
2017,GAB,0.0
2018,GAB,0.0
2019,GAB,0.0
2020,GAB,0.0
2010,GBR,1.0
2011,GBR,1.0
2012,GBR,1.0
2013,GBR,1.0
2014,GBR,1.0
2015,GBR,1.0
2016,GBR,1.0
2017,GBR,1.0
2018,GBR,1.0
2019,GBR,1.0
2020,GBR,1.0
2010,GEO,1.0
2011,GEO,1.0
2012,GEO,1.0
2013,GEO,1.0
2014,GEO,1.0
2015,GEO,1.0
2016,GEO,1.0
2017,GEO,1.0
2018,GEO,1.0
2019,GEO,1.0
2020,GEO,1.0
2010,GHA,0.0
2011,GHA,0.0
2012,GHA,0.0
2013,GHA,0.0
2014,GHA,0.0
2015,GHA,0.0
2016,GHA,0.0
2017,GHA,0.0
2018,GHA,0.0
2019,GHA,0.0
2020,GHA,0.0
2010,GIB,1.0
2011,GIB,1.0
2012,GIB,1.0
2013,GIB,1.0
2014,GIB,1.0
2015,GIB,1.0
2016,GIB,1.0
2017,GIB,1.0
2018,GIB,1.0
2019,GIB,1.0
2020,GIB,1.0
2010,GIN,3.446790176647996e-05
2011,GIN,3.446790176647996e-05
2012,GIN,3.446790176647996e-05
2013,GIN,3.446790176647996e-05
2014,GIN,3.446790176647996e-05
2015,GIN,3.446790176647996e-05
2016,GIN,3.446790176647996e-05
2017,GIN,3.446790176647996e-05
2018,GIN,3.446790176647996e-05
2019,GIN,3.446790176647996e-05
2020,GIN,3.446790176647996e-05
2010,GMB,0.0119512389451039
2011,GMB,0.0119512389451039
2012,GMB,0.0119512389451039
2013,GMB,0.0119512389451039
2014,GMB,0.0119512389451039
2015,GMB,0.0119512389451039
2016,GMB,0.0119512389451039
2017,GMB,0.0119512389451039
2018,GMB,0.0119512389451039
2019,GMB,0.0119512389451039
2020,GMB,0.0119512389451039
2010,GNB,0.0
2011,GNB,0.0
2012,GNB,0.0
2013,GNB,0.0
2014,GNB,0.0
2015,GNB,0.0
2016,GNB,0.0
2017,GNB,0.0
2018,GNB,0.0
2019,GNB,0.0
2020,GNB,0.0
2010,GNQ,0.0170589367023664
2011,GNQ,0.0170589367023664
2012,GNQ,0.0170589367023664
2013,GNQ,0.0170589367023664
2014,GNQ,0.0170589367023664
2015,GNQ,0.0170589367023664
2016,GNQ,0.0170589367023664
2017,GNQ,0.0170589367023664
2018,GNQ,0.0170589367023664
2019,GNQ,0.0170589367023664
2020,GNQ,0.0170589367023664
2010,GRC,1.0
2011,GRC,1.0
2012,GRC,1.0
2013,GRC,1.0
2014,GRC,1.0
2015,GRC,1.0
2016,GRC,1.0
2017,GRC,1.0
2018,GRC,1.0
2019,GRC,1.0
2020,GRC,1.0
2010,GRD,0.0
2011,GRD,0.0
2012,GRD,0.0
2013,GRD,0.0
2014,GRD,0.0
2015,GRD,0.0
2016,GRD,0.0
2017,GRD,0.0
2018,GRD,0.0
2019,GRD,0.0
2020,GRD,0.0
2010,GRL,1.0
2011,GRL,1.0
2012,GRL,1.0
2013,GRL,1.0
2014,GRL,1.0
2015,GRL,1.0
2016,GRL,1.0
2017,GRL,1.0
2018,GRL,1.0
2019,GRL,1.0
2020,GRL,1.0
2010,GTM,0.2003588109278366
2011,GTM,0.2003588109278366
2012,GTM,0.2003588109278366
2013,GTM,0.2003588109278366
2014,GTM,0.2003588109278366
2015,GTM,0.2003588109278366
2016,GTM,0.2003588109278366
2017,GTM,0.2003588109278366
2018,GTM,0.2003588109278366
2019,GTM,0.2003588109278366
2020,GTM,0.2003588109278366
2010,GUM,0.0
2011,GUM,0.0
2012,GUM,0.0
2013,GUM,0.0
2014,GUM,0.0
2015,GUM,0.0
2016,GUM,0.0
2017,GUM,0.0
2018,GUM,0.0
2019,GUM,0.0
2020,GUM,0.0
2010,GUY,0.001618665105859
2011,GUY,0.001618665105859
2012,GUY,0.001618665105859
2013,GUY,0.001618665105859
2014,GUY,0.001618665105859
2015,GUY,0.001618665105859
2016,GUY,0.001618665105859
2017,GUY,0.001618665105859
2018,GUY,0.001618665105859
2019,GUY,0.001618665105859
2020,GUY,0.001618665105859
2010,HKG,1.0
2011,HKG,1.0
2012,HKG,1.0
2013,HKG,1.0
2014,HKG,1.0
2015,HKG,1.0
2016,HKG,1.0
2017,HKG,1.0
2018,HKG,1.0
2019,HKG,1.0
2020,HKG,1.0
2010,HND,0.1146703292646005
2011,HND,0.1146703292646005
2012,HND,0.1146703292646005
2013,HND,0.1146703292646005
2014,HND,0.1146703292646005
2015,HND,0.1146703292646005
2016,HND,0.1146703292646005
2017,HND,0.1146703292646005
2018,HND,0.1146703292646005
2019,HND,0.1146703292646005
2020,HND,0.1146703292646005
2010,HRV,1.0
2011,HRV,1.0
2012,HRV,1.0
2013,HRV,1.0
2014,HRV,1.0
2015,HRV,1.0
2016,HRV,1.0
2017,HRV,1.0
2018,HRV,1.0
2019,HRV,1.0
2020,HRV,1.0
2010,HTI,0.0857901566130541
2011,HTI,0.0857901566130541
2012,HTI,0.0857901566130541
2013,HTI,0.0857901566130541
2014,HTI,0.0857901566130541
2015,HTI,0.0857901566130541
2016,HTI,0.0857901566130541
2017,HTI,0.0857901566130541
2018,HTI,0.0857901566130541
2019,HTI,0.0857901566130541
2020,HTI,0.0857901566130541
2010,HUN,1.0
2011,HUN,1.0
2012,HUN,1.0
2013,HUN,1.0
2014,HUN,1.0
2015,HUN,1.0
2016,HUN,1.0
2017,HUN,1.0
2018,HUN,1.0
2019,HUN,1.0
2020,HUN,1.0
2010,IDN,0.0419192086968353
2011,IDN,0.0419192086968353
2012,IDN,0.0419192086968353
2013,IDN,0.0419192086968353
2014,IDN,0.0419192086968353
2015,IDN,0.0419192086968353
2016,IDN,0.0419192086968353
2017,IDN,0.0419192086968353
2018,IDN,0.0419192086968353
2019,IDN,0.0419192086968353
2020,IDN,0.0419192086968353
2010,IMN,1.0
2011,IMN,1.0
2012,IMN,1.0
2013,IMN,1.0
2014,IMN,1.0
2015,IMN,1.0
2016,IMN,1.0
2017,IMN,1.0
2018,IMN,1.0
2019,IMN,1.0
2020,IMN,1.0
2010,IND,0.5958874681977339
2011,IND,0.5958874681977339
2012,IND,0.5958874681977339
2013,IND,0.5958874681977339
2014,IND,0.5958874681977339
2015,IND,0.5958874681977339
2016,IND,0.5958874681977339
2017,IND,0.5958874681977339
2018,IND,0.5958874681977339
2019,IND,0.5958874681977339
2020,IND,0.5958874681977339
2010,IRL,1.0
2011,IRL,1.0
2012,IRL,1.0
2013,IRL,1.0
2014,IRL,1.0
2015,IRL,1.0
2016,IRL,1.0
2017,IRL,1.0
2018,IRL,1.0
2019,IRL,1.0
2020,IRL,1.0
2010,IRN,1.0
2011,IRN,1.0
2012,IRN,1.0
2013,IRN,1.0
2014,IRN,1.0
2015,IRN,1.0
2016,IRN,1.0
2017,IRN,1.0
2018,IRN,1.0
2019,IRN,1.0
2020,IRN,1.0
2010,IRQ,1.0
2011,IRQ,1.0
2012,IRQ,1.0
2013,IRQ,1.0
2014,IRQ,1.0
2015,IRQ,1.0
2016,IRQ,1.0
2017,IRQ,1.0
2018,IRQ,1.0
2019,IRQ,1.0
2020,IRQ,1.0
2010,ISL,1.0
2011,ISL,1.0
2012,ISL,1.0
2013,ISL,1.0
2014,ISL,1.0
2015,ISL,1.0
2016,ISL,1.0
2017,ISL,1.0
2018,ISL,1.0
2019,ISL,1.0
2020,ISL,1.0
2010,ISR,1.0
2011,ISR,1.0
2012,ISR,1.0
2013,ISR,1.0
2014,ISR,1.0
2015,ISR,1.0
2016,ISR,1.0
2017,ISR,1.0
2018,ISR,1.0
2019,ISR,1.0
2020,ISR,1.0
2010,ITA,1.0
2011,ITA,1.0
2012,ITA,1.0
2013,ITA,1.0
2014,ITA,1.0
2015,ITA,1.0
2016,ITA,1.0
2017,ITA,1.0
2018,ITA,1.0
2019,ITA,1.0
2020,ITA,1.0
2010,JAM,0.0046652843601895
2011,JAM,0.0046652843601895
2012,JAM,0.0046652843601895
2013,JAM,0.0046652843601895
2014,JAM,0.0046652843601895
2015,JAM,0.0046652843601895
2016,JAM,0.0046652843601895
2017,JAM,0.0046652843601895
2018,JAM,0.0046652843601895
2019,JAM,0.0046652843601895
2020,JAM,0.0046652843601895
2010,JOR,1.0
2011,JOR,1.0
2012,JOR,1.0
2013,JOR,1.0
2014,JOR,1.0
2015,JOR,1.0
2016,JOR,1.0
2017,JOR,1.0
2018,JOR,1.0
2019,JOR,1.0
2020,JOR,1.0
2010,JPN,0.9991370849159524
2011,JPN,0.9991370849159524
2012,JPN,0.9991370849159524
2013,JPN,0.9991370849159524
2014,JPN,0.9991370849159524
2015,JPN,0.9991370849159524
2016,JPN,0.9991370849159524
2017,JPN,0.9991370849159524
2018,JPN,0.9991370849159524
2019,JPN,0.9991370849159524
2020,JPN,0.9991370849159524
2010,KAZ,1.0
2011,KAZ,1.0
2012,KAZ,1.0
2013,KAZ,1.0
2014,KAZ,1.0
2015,KAZ,1.0
2016,KAZ,1.0
2017,KAZ,1.0
2018,KAZ,1.0
2019,KAZ,1.0
2020,KAZ,1.0
2010,KEN,0.7910220171476038
2011,KEN,0.7910220171476038
2012,KEN,0.7910220171476038
2013,KEN,0.7910220171476038
2014,KEN,0.7910220171476038
2015,KEN,0.7910220171476038
2016,KEN,0.7910220171476038
2017,KEN,0.7910220171476038
2018,KEN,0.7910220171476038
2019,KEN,0.7910220171476038
2020,KEN,0.7910220171476038
2010,KGZ,1.0
2011,KGZ,1.0
2012,KGZ,1.0
2013,KGZ,1.0
2014,KGZ,1.0
2015,KGZ,1.0
2016,KGZ,1.0
2017,KGZ,1.0
2018,KGZ,1.0
2019,KGZ,1.0
2020,KGZ,1.0
2010,KHM,0.0001290162053569
2011,KHM,0.0001290162053569
2012,KHM,0.0001290162053569
2013,KHM,0.0001290162053569
2014,KHM,0.0001290162053569
2015,KHM,0.0001290162053569
2016,KHM,0.0001290162053569
2017,KHM,0.0001290162053569
2018,KHM,0.0001290162053569
2019,KHM,0.0001290162053569
2020,KHM,0.0001290162053569
2010,KIR,0.0040106951871657
2011,KIR,0.0040106951871657
2012,KIR,0.0040106951871657
2013,KIR,0.0040106951871657
2014,KIR,0.0040106951871657
2015,KIR,0.0040106951871657
2016,KIR,0.0040106951871657
2017,KIR,0.0040106951871657
2018,KIR,0.0040106951871657
2019,KIR,0.0040106951871657
2020,KIR,0.0040106951871657
2010,KNA,0.0
2011,KNA,0.0
2012,KNA,0.0
2013,KNA,0.0
2014,KNA,0.0
2015,KNA,0.0
2016,KNA,0.0
2017,KNA,0.0
2018,KNA,0.0
2019,KNA,0.0
2020,KNA,0.0
2010,KOR,1.0
2011,KOR,1.0
2012,KOR,1.0
2013,KOR,1.0
2014,KOR,1.0
2015,KOR,1.0
2016,KOR,1.0
2017,KOR,1.0
2018,KOR,1.0
2019,KOR,1.0
2020,KOR,1.0
2010,KWT,1.0
2011,KWT,1.0
2012,KWT,1.0
2013,KWT,1.0
2014,KWT,1.0
2015,KWT,1.0
2016,KWT,1.0
2017,KWT,1.0
2018,KWT,1.0
2019,KWT,1.0
2020,KWT,1.0
2010,LAO,0.436817866605025
2011,LAO,0.436817866605025
2012,LAO,0.436817866605025
2013,LAO,0.436817866605025
2014,LAO,0.436817866605025
2015,LAO,0.436817866605025
2016,LAO,0.436817866605025
2017,LAO,0.436817866605025
2018,LAO,0.436817866605025
2019,LAO,0.436817866605025
2020,LAO,0.436817866605025
2010,LBN,1.0
2011,LBN,1.0
2012,LBN,1.0
2013,LBN,1.0
2014,LBN,1.0
2015,LBN,1.0
2016,LBN,1.0
2017,LBN,1.0
2018,LBN,1.0
2019,LBN,1.0
2020,LBN,1.0
2010,LBR,0.0
2011,LBR,0.0
2012,LBR,0.0
2013,LBR,0.0
2014,LBR,0.0
2015,LBR,0.0
2016,LBR,0.0
2017,LBR,0.0
2018,LBR,0.0
2019,LBR,0.0
2020,LBR,0.0
2010,LBY,1.0
2011,LBY,1.0
2012,LBY,1.0
2013,LBY,1.0
2014,LBY,1.0
2015,LBY,1.0
2016,LBY,1.0
2017,LBY,1.0
2018,LBY,1.0
2019,LBY,1.0
2020,LBY,1.0
2010,LCA,0.0
2011,LCA,0.0
2012,LCA,0.0
2013,LCA,0.0
2014,LCA,0.0
2015,LCA,0.0
2016,LCA,0.0
2017,LCA,0.0
2018,LCA,0.0
2019,LCA,0.0
2020,LCA,0.0
2010,LIE,1.0
2011,LIE,1.0
2012,LIE,1.0
2013,LIE,1.0
2014,LIE,1.0
2015,LIE,1.0
2016,LIE,1.0
2017,LIE,1.0
2018,LIE,1.0
2019,LIE,1.0
2020,LIE,1.0
2010,LKA,0.0158281514980214
2011,LKA,0.0158281514980214
2012,LKA,0.0158281514980214
2013,LKA,0.0158281514980214
2014,LKA,0.0158281514980214
2015,LKA,0.0158281514980214
2016,LKA,0.0158281514980214
2017,LKA,0.0158281514980214
2018,LKA,0.0158281514980214
2019,LKA,0.0158281514980214
2020,LKA,0.0158281514980214
2010,LSO,1.0
2011,LSO,1.0
2012,LSO,1.0
2013,LSO,1.0
2014,LSO,1.0
2015,LSO,1.0
2016,LSO,1.0
2017,LSO,1.0
2018,LSO,1.0
2019,LSO,1.0
2020,LSO,1.0
2010,LTU,1.0
2011,LTU,1.0
2012,LTU,1.0
2013,LTU,1.0
2014,LTU,1.0
2015,LTU,1.0
2016,LTU,1.0
2017,LTU,1.0
2018,LTU,1.0
2019,LTU,1.0
2020,LTU,1.0
2010,LUX,1.0
2011,LUX,1.0
2012,LUX,1.0
2013,LUX,1.0
2014,LUX,1.0
2015,LUX,1.0
2016,LUX,1.0
2017,LUX,1.0
2018,LUX,1.0
2019,LUX,1.0
2020,LUX,1.0
2010,LVA,1.0
2011,LVA,1.0
2012,LVA,1.0
2013,LVA,1.0
2014,LVA,1.0
2015,LVA,1.0
2016,LVA,1.0
2017,LVA,1.0
2018,LVA,1.0
2019,LVA,1.0
2020,LVA,1.0
2010,MAC,1.0
2011,MAC,1.0
2012,MAC,1.0
2013,MAC,1.0
2014,MAC,1.0
2015,MAC,1.0
2016,MAC,1.0
2017,MAC,1.0
2018,MAC,1.0
2019,MAC,1.0
2020,MAC,1.0
2010,MAF,0.0
2011,MAF,0.0
2012,MAF,0.0
2013,MAF,0.0
2014,MAF,0.0
2015,MAF,0.0
2016,MAF,0.0
2017,MAF,0.0
2018,MAF,0.0
2019,MAF,0.0
2020,MAF,0.0
2010,MAR,1.0
2011,MAR,1.0
2012,MAR,1.0
2013,MAR,1.0
2014,MAR,1.0
2015,MAR,1.0
2016,MAR,1.0
2017,MAR,1.0
2018,MAR,1.0
2019,MAR,1.0
2020,MAR,1.0
2010,MCO,1.0
2011,MCO,1.0
2012,MCO,1.0
2013,MCO,1.0
2014,MCO,1.0
2015,MCO,1.0
2016,MCO,1.0
2017,MCO,1.0
2018,MCO,1.0
2019,MCO,1.0
2020,MCO,1.0
2010,MDA,1.0
2011,MDA,1.0
2012,MDA,1.0
2013,MDA,1.0
2014,MDA,1.0
2015,MDA,1.0
2016,MDA,1.0
2017,MDA,1.0
2018,MDA,1.0
2019,MDA,1.0
2020,MDA,1.0
2010,MDG,0.4374682288422828
2011,MDG,0.4374682288422828
2012,MDG,0.4374682288422828
2013,MDG,0.4374682288422828
2014,MDG,0.4374682288422828
2015,MDG,0.4374682288422828
2016,MDG,0.4374682288422828
2017,MDG,0.4374682288422828
2018,MDG,0.4374682288422828
2019,MDG,0.4374682288422828
2020,MDG,0.4374682288422828
2010,MDV,0.0
2011,MDV,0.0
2012,MDV,0.0
2013,MDV,0.0
2014,MDV,0.0
2015,MDV,0.0
2016,MDV,0.0
2017,MDV,0.0
2018,MDV,0.0
2019,MDV,0.0
2020,MDV,0.0
2010,MEX,0.7500707708855964
2011,MEX,0.7500707708855964
2012,MEX,0.7500707708855964
2013,MEX,0.7500707708855964
2014,MEX,0.7500707708855964
2015,MEX,0.7500707708855964
2016,MEX,0.7500707708855964
2017,MEX,0.7500707708855964
2018,MEX,0.7500707708855964
2019,MEX,0.7500707708855964
2020,MEX,0.7500707708855964
2010,MHL,0.0
2011,MHL,0.0
2012,MHL,0.0
2013,MHL,0.0
2014,MHL,0.0
2015,MHL,0.0
2016,MHL,0.0
2017,MHL,0.0
2018,MHL,0.0
2019,MHL,0.0
2020,MHL,0.0
2010,MKD,1.0
2011,MKD,1.0
2012,MKD,1.0
2013,MKD,1.0
2014,MKD,1.0
2015,MKD,1.0
2016,MKD,1.0
2017,MKD,1.0
2018,MKD,1.0
2019,MKD,1.0
2020,MKD,1.0
2010,MLI,0.816332363486267
2011,MLI,0.816332363486267
2012,MLI,0.816332363486267
2013,MLI,0.816332363486267
2014,MLI,0.816332363486267
2015,MLI,0.816332363486267
2016,MLI,0.816332363486267
2017,MLI,0.816332363486267
2018,MLI,0.816332363486267
2019,MLI,0.816332363486267
2020,MLI,0.816332363486267
2010,MLT,1.0
2011,MLT,1.0
2012,MLT,1.0
2013,MLT,1.0
2014,MLT,1.0
2015,MLT,1.0
2016,MLT,1.0
2017,MLT,1.0
2018,MLT,1.0
2019,MLT,1.0
2020,MLT,1.0
2010,MMR,0.4960382291948426
2011,MMR,0.4960382291948426
2012,MMR,0.4960382291948426
2013,MMR,0.4960382291948426
2014,MMR,0.4960382291948426
2015,MMR,0.4960382291948426
2016,MMR,0.4960382291948426
2017,MMR,0.4960382291948426
2018,MMR,0.4960382291948426
2019,MMR,0.4960382291948426
2020,MMR,0.4960382291948426
2010,MNE,1.0
2011,MNE,1.0
2012,MNE,1.0
2013,MNE,1.0
2014,MNE,1.0
2015,MNE,1.0
2016,MNE,1.0
2017,MNE,1.0
2018,MNE,1.0
2019,MNE,1.0
2020,MNE,1.0
2010,MNG,1.0
2011,MNG,1.0
2012,MNG,1.0
2013,MNG,1.0
2014,MNG,1.0
2015,MNG,1.0
2016,MNG,1.0
2017,MNG,1.0
2018,MNG,1.0
2019,MNG,1.0
2020,MNG,1.0
2010,MNP,0.0
2011,MNP,0.0
2012,MNP,0.0
2013,MNP,0.0
2014,MNP,0.0
2015,MNP,0.0
2016,MNP,0.0
2017,MNP,0.0
2018,MNP,0.0
2019,MNP,0.0
2020,MNP,0.0
2010,MOZ,0.3257761623817759
2011,MOZ,0.3257761623817759
2012,MOZ,0.3257761623817759
2013,MOZ,0.3257761623817759
2014,MOZ,0.3257761623817759
2015,MOZ,0.3257761623817759
2016,MOZ,0.3257761623817759
2017,MOZ,0.3257761623817759
2018,MOZ,0.3257761623817759
2019,MOZ,0.3257761623817759
2020,MOZ,0.3257761623817759
2010,MRT,1.0
2011,MRT,1.0
2012,MRT,1.0
2013,MRT,1.0
2014,MRT,1.0
2015,MRT,1.0
2016,MRT,1.0
2017,MRT,1.0
2018,MRT,1.0
2019,MRT,1.0
2020,MRT,1.0
2010,MUS,0.1614856681469519
2011,MUS,0.1614856681469519
2012,MUS,0.1614856681469519
2013,MUS,0.1614856681469519
2014,MUS,0.1614856681469519
2015,MUS,0.1614856681469519
2016,MUS,0.1614856681469519
2017,MUS,0.1614856681469519
2018,MUS,0.1614856681469519
2019,MUS,0.1614856681469519
2020,MUS,0.1614856681469519
2010,MWI,0.4618532409408418
2011,MWI,0.4618532409408418
2012,MWI,0.4618532409408418
2013,MWI,0.4618532409408418
2014,MWI,0.4618532409408418
2015,MWI,0.4618532409408418
2016,MWI,0.4618532409408418
2017,MWI,0.4618532409408418
2018,MWI,0.4618532409408418
2019,MWI,0.4618532409408418
2020,MWI,0.4618532409408418
2010,MYS,0.00621748674673
2011,MYS,0.00621748674673
2012,MYS,0.00621748674673
2013,MYS,0.00621748674673
2014,MYS,0.00621748674673
2015,MYS,0.00621748674673
2016,MYS,0.00621748674673
2017,MYS,0.00621748674673
2018,MYS,0.00621748674673
2019,MYS,0.00621748674673
2020,MYS,0.00621748674673
2010,NAM,1.0
2011,NAM,1.0
2012,NAM,1.0
2013,NAM,1.0
2014,NAM,1.0
2015,NAM,1.0
2016,NAM,1.0
2017,NAM,1.0
2018,NAM,1.0
2019,NAM,1.0
2020,NAM,1.0
2010,NCL,0.1764354831834264
2011,NCL,0.1764354831834264
2012,NCL,0.1764354831834264
2013,NCL,0.1764354831834264
2014,NCL,0.1764354831834264
2015,NCL,0.1764354831834264
2016,NCL,0.1764354831834264
2017,NCL,0.1764354831834264
2018,NCL,0.1764354831834264
2019,NCL,0.1764354831834264
2020,NCL,0.1764354831834264
2010,NER,0.9930541985191405
2011,NER,0.9930541985191405
2012,NER,0.9930541985191405
2013,NER,0.9930541985191405
2014,NER,0.9930541985191405
2015,NER,0.9930541985191405
2016,NER,0.9930541985191405
2017,NER,0.9930541985191405
2018,NER,0.9930541985191405
2019,NER,0.9930541985191405
2020,NER,0.9930541985191405
2010,NGA,0.1417134123780536
2011,NGA,0.1417134123780536
2012,NGA,0.1417134123780536
2013,NGA,0.1417134123780536
2014,NGA,0.1417134123780536
2015,NGA,0.1417134123780536
2016,NGA,0.1417134123780536
2017,NGA,0.1417134123780536
2018,NGA,0.1417134123780536
2019,NGA,0.1417134123780536
2020,NGA,0.1417134123780536
2010,NIC,0.0045522044471535
2011,NIC,0.0045522044471535
2012,NIC,0.0045522044471535
2013,NIC,0.0045522044471535
2014,NIC,0.0045522044471535
2015,NIC,0.0045522044471535
2016,NIC,0.0045522044471535
2017,NIC,0.0045522044471535
2018,NIC,0.0045522044471535
2019,NIC,0.0045522044471535
2020,NIC,0.0045522044471535
2010,NLD,0.9995240574105748
2011,NLD,0.9995240574105748
2012,NLD,0.9995240574105748
2013,NLD,0.9995240574105748
2014,NLD,0.9995240574105748
2015,NLD,0.9995240574105748
2016,NLD,0.9995240574105748
2017,NLD,0.9995240574105748
2018,NLD,0.9995240574105748
2019,NLD,0.9995240574105748
2020,NLD,0.9995240574105748
2010,NPL,1.0
2011,NPL,1.0
2012,NPL,1.0
2013,NPL,1.0
2014,NPL,1.0
2015,NPL,1.0
2016,NPL,1.0
2017,NPL,1.0
2018,NPL,1.0
2019,NPL,1.0
2020,NPL,1.0
2010,NRU,0.0
2011,NRU,0.0
2012,NRU,0.0
2013,NRU,0.0
2014,NRU,0.0
2015,NRU,0.0
2016,NRU,0.0
2017,NRU,0.0
2018,NRU,0.0
2019,NRU,0.0
2020,NRU,0.0
2010,NZL,0.9999927592548792
2011,NZL,0.9999927592548792
2012,NZL,0.9999927592548792
2013,NZL,0.9999927592548792
2014,NZL,0.9999927592548792
2015,NZL,0.9999927592548792
2016,NZL,0.9999927592548792
2017,NZL,0.9999927592548792
2018,NZL,0.9999927592548792
2019,NZL,0.9999927592548792
2020,NZL,0.9999927592548792
2010,OMN,1.0
2011,OMN,1.0
2012,OMN,1.0
2013,OMN,1.0
2014,OMN,1.0
2015,OMN,1.0
2016,OMN,1.0
2017,OMN,1.0
2018,OMN,1.0
2019,OMN,1.0
2020,OMN,1.0
2010,PAK,1.0
2011,PAK,1.0
2012,PAK,1.0
2013,PAK,1.0
2014,PAK,1.0
2015,PAK,1.0
2016,PAK,1.0
2017,PAK,1.0
2018,PAK,1.0
2019,PAK,1.0
2020,PAK,1.0
2010,PAN,0.0302101027143492
2011,PAN,0.0302101027143492
2012,PAN,0.0302101027143492
2013,PAN,0.0302101027143492
2014,PAN,0.0302101027143492
2015,PAN,0.0302101027143492
2016,PAN,0.0302101027143492
2017,PAN,0.0302101027143492
2018,PAN,0.0302101027143492
2019,PAN,0.0302101027143492
2020,PAN,0.0302101027143492
2010,PER,0.4426206499465678
2011,PER,0.4426206499465678
2012,PER,0.4426206499465678
2013,PER,0.4426206499465678
2014,PER,0.4426206499465678
2015,PER,0.4426206499465678
2016,PER,0.4426206499465678
2017,PER,0.4426206499465678
2018,PER,0.4426206499465678
2019,PER,0.4426206499465678
2020,PER,0.4426206499465678
2010,PHL,0.0187741976310051
2011,PHL,0.0187741976310051
2012,PHL,0.0187741976310051
2013,PHL,0.0187741976310051
2014,PHL,0.0187741976310051
2015,PHL,0.0187741976310051
2016,PHL,0.0187741976310051
2017,PHL,0.0187741976310051
2018,PHL,0.0187741976310051
2019,PHL,0.0187741976310051
2020,PHL,0.0187741976310051
2010,PLW,0.0
2011,PLW,0.0
2012,PLW,0.0
2013,PLW,0.0
2014,PLW,0.0
2015,PLW,0.0
2016,PLW,0.0
2017,PLW,0.0
2018,PLW,0.0
2019,PLW,0.0
2020,PLW,0.0
2010,PNG,0.1452021754812325
2011,PNG,0.1452021754812325
2012,PNG,0.1452021754812325
2013,PNG,0.1452021754812325
2014,PNG,0.1452021754812325
2015,PNG,0.1452021754812325
2016,PNG,0.1452021754812325
2017,PNG,0.1452021754812325
2018,PNG,0.1452021754812325
2019,PNG,0.1452021754812325
2020,PNG,0.1452021754812325
2010,POL,1.0
2011,POL,1.0
2012,POL,1.0
2013,POL,1.0
2014,POL,1.0
2015,POL,1.0
2016,POL,1.0
2017,POL,1.0
2018,POL,1.0
2019,POL,1.0
2020,POL,1.0
2010,PRI,0.0097087378640776
2011,PRI,0.0097087378640776
2012,PRI,0.0097087378640776
2013,PRI,0.0097087378640776
2014,PRI,0.0097087378640776
2015,PRI,0.0097087378640776
2016,PRI,0.0097087378640776
2017,PRI,0.0097087378640776
2018,PRI,0.0097087378640776
2019,PRI,0.0097087378640776
2020,PRI,0.0097087378640776
2010,PRK,1.0
2011,PRK,1.0
2012,PRK,1.0
2013,PRK,1.0
2014,PRK,1.0
2015,PRK,1.0
2016,PRK,1.0
2017,PRK,1.0
2018,PRK,1.0
2019,PRK,1.0
2020,PRK,1.0
2010,PRT,1.0
2011,PRT,1.0
2012,PRT,1.0
2013,PRT,1.0
2014,PRT,1.0
2015,PRT,1.0
2016,PRT,1.0
2017,PRT,1.0
2018,PRT,1.0
2019,PRT,1.0
2020,PRT,1.0
2010,PRY,0.6712355444000102
2011,PRY,0.6712355444000102
2012,PRY,0.6712355444000102
2013,PRY,0.6712355444000102
2014,PRY,0.6712355444000102
2015,PRY,0.6712355444000102
2016,PRY,0.6712355444000102
2017,PRY,0.6712355444000102
2018,PRY,0.6712355444000102
2019,PRY,0.6712355444000102
2020,PRY,0.6712355444000102
2010,PYF,0.013231402528668
2011,PYF,0.013231402528668
2012,PYF,0.013231402528668
2013,PYF,0.013231402528668
2014,PYF,0.013231402528668
2015,PYF,0.013231402528668
2016,PYF,0.013231402528668
2017,PYF,0.013231402528668
2018,PYF,0.013231402528668
2019,PYF,0.013231402528668
2020,PYF,0.013231402528668
2010,QAT,1.0
2011,QAT,1.0
2012,QAT,1.0
2013,QAT,1.0
2014,QAT,1.0
2015,QAT,1.0
2016,QAT,1.0
2017,QAT,1.0
2018,QAT,1.0
2019,QAT,1.0
2020,QAT,1.0
2010,ROU,1.0
2011,ROU,1.0
2012,ROU,1.0
2013,ROU,1.0
2014,ROU,1.0
2015,ROU,1.0
2016,ROU,1.0
2017,ROU,1.0
2018,ROU,1.0
2019,ROU,1.0
2020,ROU,1.0
2010,RUS,1.0
2011,RUS,1.0
2012,RUS,1.0
2013,RUS,1.0
2014,RUS,1.0
2015,RUS,1.0
2016,RUS,1.0
2017,RUS,1.0
2018,RUS,1.0
2019,RUS,1.0
2020,RUS,1.0
2010,RWA,0.3168286755771567
2011,RWA,0.3168286755771567
2012,RWA,0.3168286755771567
2013,RWA,0.3168286755771567
2014,RWA,0.3168286755771567
2015,RWA,0.3168286755771567
2016,RWA,0.3168286755771567
2017,RWA,0.3168286755771567
2018,RWA,0.3168286755771567
2019,RWA,0.3168286755771567
2020,RWA,0.3168286755771567
2010,SAU,1.0
2011,SAU,1.0
2012,SAU,1.0
2013,SAU,1.0
2014,SAU,1.0
2015,SAU,1.0
2016,SAU,1.0
2017,SAU,1.0
2018,SAU,1.0
2019,SAU,1.0
2020,SAU,1.0
2010,SDN,0.8910044405384153
2011,SDN,0.8910044405384153
2012,SDN,0.8910044405384153
2013,SDN,0.8910044405384153
2014,SDN,0.8910044405384153
2015,SDN,0.8910044405384153
2016,SDN,0.8910044405384153
2017,SDN,0.8910044405384153
2018,SDN,0.8910044405384153
2019,SDN,0.8910044405384153
2020,SDN,0.8910044405384153
2010,SEN,0.537319990030542
2011,SEN,0.537319990030542
2012,SEN,0.537319990030542
2013,SEN,0.537319990030542
2014,SEN,0.537319990030542
2015,SEN,0.537319990030542
2016,SEN,0.537319990030542
2017,SEN,0.537319990030542
2018,SEN,0.537319990030542
2019,SEN,0.537319990030542
2020,SEN,0.537319990030542
2010,SGP,0.0
2011,SGP,0.0
2012,SGP,0.0
2013,SGP,0.0
2014,SGP,0.0
2015,SGP,0.0
2016,SGP,0.0
2017,SGP,0.0
2018,SGP,0.0
2019,SGP,0.0
2020,SGP,0.0
2010,SLB,0.0046293360390639
2011,SLB,0.0046293360390639
2012,SLB,0.0046293360390639
2013,SLB,0.0046293360390639
2014,SLB,0.0046293360390639
2015,SLB,0.0046293360390639
2016,SLB,0.0046293360390639
2017,SLB,0.0046293360390639
2018,SLB,0.0046293360390639
2019,SLB,0.0046293360390639
2020,SLB,0.0046293360390639
2010,SLE,0.0001302931596091
2011,SLE,0.0001302931596091
2012,SLE,0.0001302931596091
2013,SLE,0.0001302931596091
2014,SLE,0.0001302931596091
2015,SLE,0.0001302931596091
2016,SLE,0.0001302931596091
2017,SLE,0.0001302931596091
2018,SLE,0.0001302931596091
2019,SLE,0.0001302931596091
2020,SLE,0.0001302931596091
2010,SLV,0.0149736948603804
2011,SLV,0.0149736948603804
2012,SLV,0.0149736948603804
2013,SLV,0.0149736948603804
2014,SLV,0.0149736948603804
2015,SLV,0.0149736948603804
2016,SLV,0.0149736948603804
2017,SLV,0.0149736948603804
2018,SLV,0.0149736948603804
2019,SLV,0.0149736948603804
2020,SLV,0.0149736948603804
2010,SMR,1.0
2011,SMR,1.0
2012,SMR,1.0
2013,SMR,1.0
2014,SMR,1.0
2015,SMR,1.0
2016,SMR,1.0
2017,SMR,1.0
2018,SMR,1.0
2019,SMR,1.0
2020,SMR,1.0
2010,SOM,0.9998189833251698
2011,SOM,0.9998189833251698
2012,SOM,0.9998189833251698
2013,SOM,0.9998189833251698
2014,SOM,0.9998189833251698
2015,SOM,0.9998189833251698
2016,SOM,0.9998189833251698
2017,SOM,0.9998189833251698
2018,SOM,0.9998189833251698
2019,SOM,0.9998189833251698
2020,SOM,0.9998189833251698
2010,SRB,1.0
2011,SRB,1.0
2012,SRB,1.0
2013,SRB,1.0
2014,SRB,1.0
2015,SRB,1.0
2016,SRB,1.0
2017,SRB,1.0
2018,SRB,1.0
2019,SRB,1.0
2020,SRB,1.0
2010,SSD,0.0558929430811891
2011,SSD,0.0558929430811891
2012,SSD,0.0558929430811891
2013,SSD,0.0558929430811891
2014,SSD,0.0558929430811891
2015,SSD,0.0558929430811891
2016,SSD,0.0558929430811891
2017,SSD,0.0558929430811891
2018,SSD,0.0558929430811891
2019,SSD,0.0558929430811891
2020,SSD,0.0558929430811891
2010,STP,0.0910609857978279
2011,STP,0.0910609857978279
2012,STP,0.0910609857978279
2013,STP,0.0910609857978279
2014,STP,0.0910609857978279
2015,STP,0.0910609857978279
2016,STP,0.0910609857978279
2017,STP,0.0910609857978279
2018,STP,0.0910609857978279
2019,STP,0.0910609857978279
2020,STP,0.0910609857978279
2010,SUR,0.0
2011,SUR,0.0
2012,SUR,0.0
2013,SUR,0.0
2014,SUR,0.0
2015,SUR,0.0
2016,SUR,0.0
2017,SUR,0.0
2018,SUR,0.0
2019,SUR,0.0
2020,SUR,0.0
2010,SVK,1.0
2011,SVK,1.0
2012,SVK,1.0
2013,SVK,1.0
2014,SVK,1.0
2015,SVK,1.0
2016,SVK,1.0
2017,SVK,1.0
2018,SVK,1.0
2019,SVK,1.0
2020,SVK,1.0
2010,SVN,1.0
2011,SVN,1.0
2012,SVN,1.0
2013,SVN,1.0
2014,SVN,1.0
2015,SVN,1.0
2016,SVN,1.0
2017,SVN,1.0
2018,SVN,1.0
2019,SVN,1.0
2020,SVN,1.0
2010,SWE,1.0
2011,SWE,1.0
2012,SWE,1.0
2013,SWE,1.0
2014,SWE,1.0
2015,SWE,1.0
2016,SWE,1.0
2017,SWE,1.0
2018,SWE,1.0
2019,SWE,1.0
2020,SWE,1.0
2010,SWZ,0.9988808308711612
2011,SWZ,0.9988808308711612
2012,SWZ,0.9988808308711612
2013,SWZ,0.9988808308711612
2014,SWZ,0.9988808308711612
2015,SWZ,0.9988808308711612
2016,SWZ,0.9988808308711612
2017,SWZ,0.9988808308711612
2018,SWZ,0.9988808308711612
2019,SWZ,0.9988808308711612
2020,SWZ,0.9988808308711612
2010,SXM,0.0
2011,SXM,0.0
2012,SXM,0.0
2013,SXM,0.0
2014,SXM,0.0
2015,SXM,0.0
2016,SXM,0.0
2017,SXM,0.0
2018,SXM,0.0
2019,SXM,0.0
2020,SXM,0.0
2010,SYC,0.0
2011,SYC,0.0
2012,SYC,0.0
2013,SYC,0.0
2014,SYC,0.0
2015,SYC,0.0
2016,SYC,0.0
2017,SYC,0.0
2018,SYC,0.0
2019,SYC,0.0
2020,SYC,0.0
2010,SYR,1.0
2011,SYR,1.0
2012,SYR,1.0
2013,SYR,1.0
2014,SYR,1.0
2015,SYR,1.0
2016,SYR,1.0
2017,SYR,1.0
2018,SYR,1.0
2019,SYR,1.0
2020,SYR,1.0
2010,TCA,0.0863970588235294
2011,TCA,0.0863970588235294
2012,TCA,0.0863970588235294
2013,TCA,0.0863970588235294
2014,TCA,0.0863970588235294
2015,TCA,0.0863970588235294
2016,TCA,0.0863970588235294
2017,TCA,0.0863970588235294
2018,TCA,0.0863970588235294
2019,TCA,0.0863970588235294
2020,TCA,0.0863970588235294
2010,TCD,0.7754985614136201
2011,TCD,0.7754985614136201
2012,TCD,0.7754985614136201
2013,TCD,0.7754985614136201
2014,TCD,0.7754985614136201
2015,TCD,0.7754985614136201
2016,TCD,0.7754985614136201
2017,TCD,0.7754985614136201
2018,TCD,0.7754985614136201
2019,TCD,0.7754985614136201
2020,TCD,0.7754985614136201
2010,TGO,0.0
2011,TGO,0.0
2012,TGO,0.0
2013,TGO,0.0
2014,TGO,0.0
2015,TGO,0.0
2016,TGO,0.0
2017,TGO,0.0
2018,TGO,0.0
2019,TGO,0.0
2020,TGO,0.0
2010,THA,0.0204178857406837
2011,THA,0.0204178857406837
2012,THA,0.0204178857406837
2013,THA,0.0204178857406837
2014,THA,0.0204178857406837
2015,THA,0.0204178857406837
2016,THA,0.0204178857406837
2017,THA,0.0204178857406837
2018,THA,0.0204178857406837
2019,THA,0.0204178857406837
2020,THA,0.0204178857406837
2010,TJK,1.0
2011,TJK,1.0
2012,TJK,1.0
2013,TJK,1.0
2014,TJK,1.0
2015,TJK,1.0
2016,TJK,1.0
2017,TJK,1.0
2018,TJK,1.0
2019,TJK,1.0
2020,TJK,1.0
2010,TKM,1.0
2011,TKM,1.0
2012,TKM,1.0
2013,TKM,1.0
2014,TKM,1.0
2015,TKM,1.0
2016,TKM,1.0
2017,TKM,1.0
2018,TKM,1.0
2019,TKM,1.0
2020,TKM,1.0
2010,TLS,0.0489986498649865
2011,TLS,0.0489986498649865
2012,TLS,0.0489986498649865
2013,TLS,0.0489986498649865
2014,TLS,0.0489986498649865
2015,TLS,0.0489986498649865
2016,TLS,0.0489986498649865
2017,TLS,0.0489986498649865
2018,TLS,0.0489986498649865
2019,TLS,0.0489986498649865
2020,TLS,0.0489986498649865
2010,TON,0.0
2011,TON,0.0
2012,TON,0.0
2013,TON,0.0
2014,TON,0.0
2015,TON,0.0
2016,TON,0.0
2017,TON,0.0
2018,TON,0.0
2019,TON,0.0
2020,TON,0.0
2010,TTO,0.0
2011,TTO,0.0
2012,TTO,0.0
2013,TTO,0.0
2014,TTO,0.0
2015,TTO,0.0
2016,TTO,0.0
2017,TTO,0.0
2018,TTO,0.0
2019,TTO,0.0
2020,TTO,0.0
2010,TUN,1.0
2011,TUN,1.0
2012,TUN,1.0
2013,TUN,1.0
2014,TUN,1.0
2015,TUN,1.0
2016,TUN,1.0
2017,TUN,1.0
2018,TUN,1.0
2019,TUN,1.0
2020,TUN,1.0
2010,TUR,1.0
2011,TUR,1.0
2012,TUR,1.0
2013,TUR,1.0
2014,TUR,1.0
2015,TUR,1.0
2016,TUR,1.0
2017,TUR,1.0
2018,TUR,1.0
2019,TUR,1.0
2020,TUR,1.0
2010,TUV,0.1
2011,TUV,0.1
2012,TUV,0.1
2013,TUV,0.1
2014,TUV,0.1
2015,TUV,0.1
2016,TUV,0.1
2017,TUV,0.1
2018,TUV,0.1
2019,TUV,0.1
2020,TUV,0.1
2010,TZA,0.2502150589992047
2011,TZA,0.2502150589992047
2012,TZA,0.2502150589992047
2013,TZA,0.2502150589992047
2014,TZA,0.2502150589992047
2015,TZA,0.2502150589992047
2016,TZA,0.2502150589992047
2017,TZA,0.2502150589992047
2018,TZA,0.2502150589992047
2019,TZA,0.2502150589992047
2020,TZA,0.2502150589992047
2010,UGA,0.0304675076857839
2011,UGA,0.0304675076857839
2012,UGA,0.0304675076857839
2013,UGA,0.0304675076857839
2014,UGA,0.0304675076857839
2015,UGA,0.0304675076857839
2016,UGA,0.0304675076857839
2017,UGA,0.0304675076857839
2018,UGA,0.0304675076857839
2019,UGA,0.0304675076857839
2020,UGA,0.0304675076857839
2010,UKR,1.0
2011,UKR,1.0
2012,UKR,1.0
2013,UKR,1.0
2014,UKR,1.0
2015,UKR,1.0
2016,UKR,1.0
2017,UKR,1.0
2018,UKR,1.0
2019,UKR,1.0
2020,UKR,1.0
2010,URY,1.0
2011,URY,1.0
2012,URY,1.0
2013,URY,1.0
2014,URY,1.0
2015,URY,1.0
2016,URY,1.0
2017,URY,1.0
2018,URY,1.0
2019,URY,1.0
2020,URY,1.0
2010,USA,0.9979729626693878
2011,USA,0.9979729626693878
2012,USA,0.9979729626693878
2013,USA,0.9979729626693878
2014,USA,0.9979729626693878
2015,USA,0.9979729626693878
2016,USA,0.9979729626693878
2017,USA,0.9979729626693878
2018,USA,0.9979729626693878
2019,USA,0.9979729626693878
2020,USA,0.9979729626693878
2010,UZB,1.0
2011,UZB,1.0
2012,UZB,1.0
2013,UZB,1.0
2014,UZB,1.0
2015,UZB,1.0
2016,UZB,1.0
2017,UZB,1.0
2018,UZB,1.0
2019,UZB,1.0
2020,UZB,1.0
2010,VCT,0.0
2011,VCT,0.0
2012,VCT,0.0
2013,VCT,0.0
2014,VCT,0.0
2015,VCT,0.0
2016,VCT,0.0
2017,VCT,0.0
2018,VCT,0.0
2019,VCT,0.0
2020,VCT,0.0
2010,VEN,0.0500950889777771
2011,VEN,0.0500950889777771
2012,VEN,0.0500950889777771
2013,VEN,0.0500950889777771
2014,VEN,0.0500950889777771
2015,VEN,0.0500950889777771
2016,VEN,0.0500950889777771
2017,VEN,0.0500950889777771
2018,VEN,0.0500950889777771
2019,VEN,0.0500950889777771
2020,VEN,0.0500950889777771
2010,VGB,0.0
2011,VGB,0.0
2012,VGB,0.0
2013,VGB,0.0
2014,VGB,0.0
2015,VGB,0.0
2016,VGB,0.0
2017,VGB,0.0
2018,VGB,0.0
2019,VGB,0.0
2020,VGB,0.0
2010,VIR,0.0
2011,VIR,0.0
2012,VIR,0.0
2013,VIR,0.0
2014,VIR,0.0
2015,VIR,0.0
2016,VIR,0.0
2017,VIR,0.0
2018,VIR,0.0
2019,VIR,0.0
2020,VIR,0.0
2010,VNM,0.4651342769549291
2011,VNM,0.4651342769549291
2012,VNM,0.4651342769549291
2013,VNM,0.4651342769549291
2014,VNM,0.4651342769549291
2015,VNM,0.4651342769549291
2016,VNM,0.4651342769549291
2017,VNM,0.4651342769549291
2018,VNM,0.4651342769549291
2019,VNM,0.4651342769549291
2020,VNM,0.4651342769549291
2010,VUT,0.0149344918878555
2011,VUT,0.0149344918878555
2012,VUT,0.0149344918878555
2013,VUT,0.0149344918878555
2014,VUT,0.0149344918878555
2015,VUT,0.0149344918878555
2016,VUT,0.0149344918878555
2017,VUT,0.0149344918878555
2018,VUT,0.0149344918878555
2019,VUT,0.0149344918878555
2020,VUT,0.0149344918878555
2010,WSM,0.02909316001238
2011,WSM,0.02909316001238
2012,WSM,0.02909316001238
2013,WSM,0.02909316001238
2014,WSM,0.02909316001238
2015,WSM,0.02909316001238
2016,WSM,0.02909316001238
2017,WSM,0.02909316001238
2018,WSM,0.02909316001238
2019,WSM,0.02909316001238
2020,WSM,0.02909316001238
2010,YEM,1.0
2011,YEM,1.0
2012,YEM,1.0
2013,YEM,1.0
2014,YEM,1.0
2015,YEM,1.0
2016,YEM,1.0
2017,YEM,1.0
2018,YEM,1.0
2019,YEM,1.0
2020,YEM,1.0
2010,ZAF,0.9976074968374252
2011,ZAF,0.9976074968374252
2012,ZAF,0.9976074968374252
2013,ZAF,0.9976074968374252
2014,ZAF,0.9976074968374252
2015,ZAF,0.9976074968374252
2016,ZAF,0.9976074968374252
2017,ZAF,0.9976074968374252
2018,ZAF,0.9976074968374252
2019,ZAF,0.9976074968374252
2020,ZAF,0.9976074968374252
2010,ZMB,0.7767019165390633
2011,ZMB,0.7767019165390633
2012,ZMB,0.7767019165390633
2013,ZMB,0.7767019165390633
2014,ZMB,0.7767019165390633
2015,ZMB,0.7767019165390633
2016,ZMB,0.7767019165390633
2017,ZMB,0.7767019165390633
2018,ZMB,0.7767019165390633
2019,ZMB,0.7767019165390633
2020,ZMB,0.7767019165390633
2010,ZWE,0.9897260700971284
2011,ZWE,0.9897260700971284
2012,ZWE,0.9897260700971284
2013,ZWE,0.9897260700971284
2014,ZWE,0.9897260700971284
2015,ZWE,0.9897260700971284
2016,ZWE,0.9897260700971284
2017,ZWE,0.9897260700971284
2018,ZWE,0.9897260700971284
2019,ZWE,0.9897260700971284
2020,ZWE,0.9897260700971284
